startDate,endDate,status,ipAddress,progress,duration,finished,recordedDate,_recordId,recipientLastName,recipientFirstName,recipientEmail,externalDataReference,locationLatitude,locationLongitude,distributionChannel,userLanguage,QID17,QID1,QID3,QID4,QID5,QID6,QID7,QID8,QID9,QID10,QID11,QID12,QID13,QID14,QID15,QID18,QID19,QID20,QID21,QID22,QID23,QID24,QID25,QID26,QID27,QID28,QID29,QID30,QID31,QID32,QID33,QID34,QID35,QID36,QID37,QID38,QID39,QID40,QID41,QID42,QID43,QID44,QID45,QID46,QID47,QID48,QID49,QID50,QID51,QID52,QID53,QID54,QID55,QID56,QID57,QID58,QID59,QID60,QID61,QID62,QID63,first_block,FL_3_DO,FL_17_DO,FL_18_DO,FL_19_DO,FL_20_DO,FL_21_DO,BL_7QB7eLt9l7k8KLc_DO,BL_6QncZrzaNtv9FS6_DO,BL_3a5SCHiVa8gakVU_DO,BL_eJsKFmbenoyBGQe_DO,BL_a98WFfxCJeWrupU_DO
Start Date,End Date,Response Type,IP Address,Progress,Duration (in seconds),Finished,Recorded Date,Response ID,Recipient Last Name,Recipient First Name,Recipient Email,External Data Reference,LocationLatitude - Location Latitude,LocationLongitude - Location Longitude,DistributionChannel - Distribution Channel,UserLanguage - User Language,"c - Hello! Thank you for participating in this experiment. In order to complete this study, you must be an adult (18+) and a native American English speaker.  
 
This experiment is part of a series of studies being conducted by a member of the Cognitive Science department at Johns Hopkins University, and has been approved by the University's Institutional Review Board. Please click here to review the informed consent information for participants in this study; this document contains the Johns Hopkins IRB's seal of approval.

 

Clicking ""I agree"" below indicates that:

- You have downloaded and read the informed consent document.

- You voluntarily agree to participate

- You are at least 18 years of age

- You are a native speaker of English 

- You have not participated in this study before 

 

If you do not agree to all of these statements, please close this window in your browser now.",Q1 - Am I right?,Q2 - Am I right?,Q3 - Am I right?,Q4 - Am I right?,Q5 - Am I right?,Q6 - Am I right?,Q7 - Am I right?,Q8 - Am I right?,Q9 - Am I right?,Q10 - Am I right?,Q11 - Am I right?,Q12 - Am I right?,Q1 - Am I right?,Q2 - Am I right?,Q3 - Am I right?,Q4 - Am I right?,Q5 - Am I right?,Q6 - Am I right?,Q7 - Am I right?,Q8 - Am I right?,Q9 - Am I right?,Q10 - Am I right?,Q11 - Am I right?,Q12 - Am I right?,Q1 - Am I right?,Q2 - Am I right?,Q3 - Am I right?,Q4 - Am I right?,Q5 - Am I right?,Q6 - Am I right?,Q7 - Am I right?,Q8 - Am I right?,Q9 - Am I right?,Q10 - Am I right?,Q11 - Am I right?,Q12 - Am I right?,Q1 - Am I right?,Q2 - Am I right?,Q3 - Am I right?,Q4 - Am I right?,Q5 - Am I right?,Q6 - Am I right?,Q7 - Am I right?,Q8 - Am I right?,Q9 - Am I right?,Q10 - Am I right?,Q11 - Am I right?,Q12 - Am I right?,Q1 - Am I right?,Q2 - Am I right?,Q3 - Am I right?,Q4 - Am I right?,Q5 - Am I right?,Q6 - Am I right?,Q7 - Am I right?,Q8 - Am I right?,Q9 - Am I right?,Q10 - Am I right?,Q11 - Am I right?,Q12 - Am I right?,first_block,FL_3_DO - FL_3 - Block Randomizer - Display Order,FL_17_DO - FL_17 - Block Randomizer - Display Order,FL_18_DO - FL_18 - Block Randomizer - Display Order,FL_19_DO - FL_19 - Block Randomizer - Display Order,FL_20_DO - FL_20 - Block Randomizer - Display Order,FL_21_DO - FL_21 - Block Randomizer - Display Order,allblock_DO - all block - Display Order,notallblock_DO - not all block - Display Order,orblock_DO - or block - Display Order,someblock_DO - some block - Display Order,twoblock_DO - two block - Display Order
2021-05-15 15:19:10,2021-05-15 15:40:01,Survey Preview,,100,1251,True,2021-05-15 15:40:03,R_1oCl1rhTnqBwLKo,,,,,48.5348052978515625,9.04949951171875,preview,EN,I agree,Yes,No,No,No,No,Yes,No,Yes,No,No,No,Yes,Yes,Yes,No,Yes,Yes,Yes,No,No,Yes,No,Yes,Yes,Yes,Yes,No,Yes,No,No,Yes,Yes,Yes,Yes,Yes,No,No,Yes,Yes,No,No,Yes,Yes,Yes,No,Yes,Yes,Yes,No,Yes,Yes,Yes,Yes,No,No,Yes,No,No,Yes,No,0,FL_28|FL_33|FL_30|FL_31|FL_32,allblock,notallblock,orblock,someblock,twoblock,Q9|Q3|Q6|Q11|Q2|Q7|Q10|Q4|Q1|Q8|Q5|Q12,Q9|Q12|Q5|Q11|Q1|Q8|Q2|Q3|Q6|Q7|Q4|Q10,Q4|Q5|Q10|Q2|Q8|Q3|Q9|Q12|Q6|Q11|Q7|Q1,Q9|Q4|Q7|Q12|Q3|Q1|Q5|Q6|Q10|Q2|Q11|Q8,Q2|Q8|Q4|Q10|Q6|Q9|Q12|Q1|Q7|Q11|Q3|Q5
2021-05-18 09:49:29,2021-05-18 10:01:56,IP Address,82.19.225.55,100,746,True,2021-05-18 10:01:56,R_21glvAKuoE5oBMV,,,,,51.6114959716796875,-0.249603271484375,anonymous,EN,I agree,Yes,No,No,No,No,Yes,No,Yes,No,No,No,Yes,No,Yes,No,Yes,Yes,No,No,No,No,No,No,Yes,No,Yes,No,Yes,No,No,Yes,Yes,Yes,Yes,Yes,No,No,No,Yes,No,No,Yes,No,Yes,No,No,Yes,Yes,No,Yes,Yes,No,Yes,No,No,No,No,No,Yes,No,0,FL_32|FL_33|FL_28|FL_31|FL_30,allblock,notallblock,orblock,someblock,twoblock,Q9|Q11|Q6|Q12|Q1|Q8|Q5|Q3|Q7|Q4|Q2|Q10,Q10|Q11|Q3|Q7|Q12|Q4|Q9|Q8|Q5|Q6|Q1|Q2,Q3|Q11|Q12|Q8|Q4|Q9|Q2|Q1|Q7|Q6|Q10|Q5,Q5|Q6|Q9|Q12|Q1|Q7|Q3|Q4|Q10|Q11|Q2|Q8,Q8|Q6|Q12|Q3|Q2|Q10|Q4|Q9|Q11|Q1|Q5|Q7
2021-05-18 09:44:03,2021-05-18 10:03:37,IP Address,47.202.61.130,100,1173,True,2021-05-18 10:03:38,R_1hApKWN9QKluyw1,,,,,27.3406982421875,-82.51740264892578125,anonymous,EN,I agree,Yes,No,No,No,No,Yes,No,Yes,No,No,No,Yes,Yes,Yes,No,Yes,Yes,Yes,No,No,Yes,No,Yes,Yes,Yes,Yes,No,Yes,No,No,Yes,Yes,Yes,Yes,Yes,No,No,No,Yes,No,No,Yes,No,Yes,No,No,No,Yes,No,Yes,Yes,No,Yes,No,No,No,No,No,Yes,No,0,FL_33|FL_30|FL_32|FL_28|FL_31,allblock,notallblock,orblock,someblock,twoblock,Q1|Q12|Q5|Q10|Q11|Q8|Q9|Q6|Q4|Q7|Q3|Q2,Q7|Q8|Q2|Q1|Q4|Q3|Q10|Q5|Q9|Q6|Q12|Q11,Q7|Q3|Q9|Q2|Q11|Q4|Q12|Q8|Q1|Q10|Q5|Q6,Q2|Q11|Q9|Q5|Q4|Q1|Q12|Q6|Q10|Q7|Q3|Q8,Q5|Q8|Q12|Q9|Q4|Q2|Q6|Q1|Q7|Q10|Q3|Q11
2021-05-18 09:36:35,2021-05-18 10:05:20,IP Address,165.73.27.112,100,1724,True,2021-05-18 10:05:20,R_55wHJWRCGooncVH,,,,,-26.381103515625,27.8376007080078125,anonymous,EN,I agree,Yes,No,No,No,No,No,No,Yes,No,No,No,Yes,Yes,Yes,No,Yes,Yes,Yes,No,No,Yes,No,Yes,Yes,Yes,Yes,No,Yes,No,No,Yes,Yes,Yes,Yes,Yes,No,No,No,Yes,No,No,Yes,No,Yes,No,No,No,Yes,No,Yes,Yes,No,Yes,No,No,No,No,No,Yes,No,0,FL_33|FL_28|FL_31|FL_32|FL_30,allblock,notallblock,orblock,someblock,twoblock,Q6|Q10|Q7|Q3|Q11|Q9|Q5|Q1|Q12|Q4|Q8|Q2,Q6|Q9|Q12|Q5|Q7|Q4|Q3|Q11|Q10|Q2|Q8|Q1,Q2|Q3|Q1|Q9|Q7|Q8|Q11|Q6|Q12|Q4|Q10|Q5,Q10|Q6|Q11|Q3|Q4|Q12|Q1|Q9|Q2|Q5|Q7|Q8,Q9|Q12|Q7|Q2|Q5|Q8|Q4|Q10|Q6|Q11|Q1|Q3
2021-05-18 09:48:00,2021-05-18 10:07:28,IP Address,144.82.8.202,100,1167,True,2021-05-18 10:07:28,R_XCmAaLPLlJ9OnF7,,,,,51.524505615234375,-0.1566925048828125,anonymous,EN,I agree,Yes,No,No,No,No,Yes,No,Yes,No,No,No,Yes,Yes,Yes,No,Yes,Yes,Yes,No,No,Yes,No,Yes,Yes,Yes,Yes,No,No,No,No,Yes,No,Yes,Yes,Yes,No,No,No,Yes,No,No,Yes,No,Yes,No,No,No,Yes,No,Yes,Yes,Yes,Yes,Yes,Yes,Yes,No,No,Yes,No,0,FL_30|FL_33|FL_31|FL_32|FL_28,allblock,notallblock,orblock,someblock,twoblock,Q9|Q5|Q6|Q7|Q10|Q4|Q8|Q1|Q11|Q2|Q3|Q12,Q1|Q3|Q10|Q2|Q5|Q4|Q7|Q9|Q8|Q11|Q6|Q12,Q12|Q2|Q1|Q7|Q9|Q10|Q6|Q11|Q4|Q8|Q5|Q3,Q5|Q6|Q4|Q9|Q3|Q12|Q1|Q10|Q11|Q7|Q2|Q8,Q5|Q2|Q10|Q7|Q1|Q4|Q12|Q9|Q6|Q11|Q8|Q3
2021-05-18 09:49:37,2021-05-18 10:11:18,IP Address,80.193.170.56,100,1301,True,2021-05-18 10:11:19,R_ANx6sjCZVCFYSZz,,,,,52.4425048828125,-1.9441986083984375,anonymous,EN,I agree,Yes,No,No,No,No,Yes,No,Yes,No,No,No,Yes,Yes,Yes,No,Yes,Yes,Yes,No,No,Yes,No,Yes,Yes,No,Yes,No,No,No,No,Yes,No,Yes,Yes,No,No,No,Yes,Yes,No,No,Yes,Yes,Yes,No,Yes,Yes,Yes,No,Yes,Yes,No,Yes,No,No,No,No,No,Yes,No,0,FL_30|FL_31|FL_32|FL_28|FL_33,allblock,notallblock,orblock,someblock,twoblock,Q8|Q5|Q2|Q4|Q1|Q12|Q3|Q11|Q10|Q7|Q9|Q6,Q12|Q8|Q1|Q2|Q7|Q11|Q3|Q9|Q6|Q4|Q10|Q5,Q1|Q7|Q10|Q9|Q11|Q2|Q5|Q4|Q3|Q6|Q8|Q12,Q3|Q10|Q7|Q2|Q9|Q11|Q5|Q6|Q12|Q8|Q1|Q4,Q3|Q2|Q6|Q11|Q7|Q1|Q12|Q4|Q8|Q9|Q5|Q10
2021-05-18 09:42:07,2021-05-18 10:14:08,IP Address,147.197.250.35,100,1921,True,2021-05-18 10:14:09,R_1G07woIx7hGhmbT,,,,,51.7639007568359375,-0.223602294921875,anonymous,EN,I agree,Yes,No,No,No,No,Yes,No,Yes,No,No,No,Yes,Yes,Yes,No,Yes,Yes,Yes,No,No,Yes,No,Yes,Yes,Yes,Yes,No,No,No,No,Yes,No,Yes,Yes,No,No,No,Yes,Yes,No,No,Yes,Yes,Yes,No,Yes,Yes,Yes,No,Yes,Yes,Yes,Yes,Yes,Yes,Yes,No,No,Yes,No,0,FL_28|FL_32|FL_33|FL_30|FL_31,allblock,notallblock,orblock,someblock,twoblock,Q1|Q12|Q5|Q4|Q2|Q8|Q10|Q3|Q6|Q7|Q9|Q11,Q9|Q4|Q11|Q6|Q5|Q3|Q1|Q2|Q10|Q8|Q12|Q7,Q7|Q11|Q8|Q3|Q4|Q10|Q9|Q1|Q2|Q12|Q5|Q6,Q12|Q7|Q10|Q11|Q2|Q8|Q6|Q4|Q5|Q1|Q9|Q3,Q3|Q6|Q2|Q12|Q1|Q7|Q8|Q9|Q4|Q10|Q11|Q5
2021-05-17 14:28:54,2021-05-17 14:30:48,IP Address,134.2.88.224,11,113,False,2021-05-24 14:30:49,R_baxd72nXPHrClrP,,,,,,,anonymous,EN,I agree,,,,,,,,,,,,,,,,,,,,,,,,,Yes,,,,,,,Yes,Yes,,Yes,,,,,,,,,,,,,,,,,,,,,,,,,,1,FL_31|FL_28|FL_33|FL_30|FL_32,,,orblock,,,,,Q1|Q8|Q9|Q11|Q7|Q10|Q2|Q4|Q5|Q3|Q12|Q6,,
2021-05-18 09:21:48,2021-05-18 09:21:55,IP Address,73.87.161.60,5,7,False,2021-05-25 09:21:59,R_2wyG5KoDZaeonNa,,,,,,,anonymous,EN,I agree,,,,,,,,,,,,,,,,,,,,,,,,,,,,,,,,,,,,,,,,,,,,,,,,,,,,,,,,,,,,,1,FL_32|FL_31|FL_30|FL_28|FL_33,,,,someblock,,,,,Q7|Q9|Q3|Q8|Q4|Q10|Q12|Q2|Q1|Q5|Q6|Q11,
2021-05-24 10:11:41,2021-05-24 10:22:58,IP Address,73.86.252.95,45,677,False,2021-05-31 10:23:01,R_1PUjzAM2A5wZgyG,,,,,,,anonymous,EN,I agree,,,,,,,,,,,,Yes,,,,,,,,,,,,,,,,,,,,,,,,,No,No,Yes,No,No,Yes,No,Yes,No,Yes,No,Yes,No,Yes,Yes,Yes,Yes,Yes,Yes,Yes,No,No,Yes,No,0,FL_33|FL_32|FL_28|FL_31|FL_30,allblock,,,someblock,twoblock,Q12|Q5|Q11|Q8|Q3|Q4|Q10|Q9|Q6|Q7|Q1|Q2,,,Q8|Q1|Q4|Q10|Q9|Q7|Q6|Q2|Q11|Q3|Q12|Q5,Q11|Q8|Q12|Q2|Q7|Q4|Q10|Q3|Q6|Q5|Q1|Q9
2021-05-30 09:08:25,2021-05-30 09:10:39,IP Address,84.151.170.101,10,134,False,2021-06-06 09:10:41,R_2Tq0sgsqmlBZ7Ei,,,,,,,anonymous,EN,I agree,,,,,,,,,,,,,,,No,,,,,No,,,Yes,,,,,,,,,,,,,,,,,,,,,,,,,,,,,,,,,,,,,,1,FL_30|FL_32|FL_31|FL_28|FL_33,,notallblock,,,,,Q3|Q11|Q8|Q4|Q10|Q7|Q5|Q2|Q9|Q6|Q12|Q1,,,
2021-06-10 14:01:47,2021-06-10 14:11:39,IP Address,51.198.180.200,100,592,True,2021-06-10 14:11:40,R_24C4wYc5L2KtSxv,,,,,53.882598876953125,-2.0493927001953125,anonymous,EN,I agree,Yes,No,No,No,No,Yes,No,Yes,No,No,No,Yes,Yes,Yes,No,Yes,Yes,Yes,No,No,Yes,No,Yes,Yes,Yes,Yes,No,Yes,No,No,Yes,Yes,Yes,Yes,Yes,No,No,Yes,Yes,No,No,Yes,Yes,Yes,No,Yes,Yes,Yes,No,Yes,Yes,No,Yes,No,No,No,No,No,Yes,No,0,FL_28|FL_32|FL_30|FL_31|FL_33,allblock,notallblock,orblock,someblock,twoblock,Q11|Q3|Q4|Q5|Q10|Q8|Q7|Q12|Q1|Q2|Q6|Q9,Q7|Q11|Q8|Q5|Q1|Q10|Q3|Q2|Q9|Q6|Q4|Q12,Q12|Q6|Q11|Q2|Q3|Q10|Q1|Q4|Q9|Q8|Q7|Q5,Q12|Q3|Q4|Q1|Q9|Q11|Q5|Q7|Q2|Q8|Q10|Q6,Q8|Q10|Q4|Q1|Q6|Q11|Q3|Q2|Q7|Q12|Q5|Q9
2021-06-10 14:25:21,2021-06-10 14:36:05,IP Address,86.30.234.103,100,644,True,2021-06-10 14:36:05,R_2B2wuz4wakNJxcr,,,,,52.90289306640625,-1.5045928955078125,anonymous,EN,I agree,Yes,No,No,No,No,Yes,No,Yes,No,No,No,Yes,Yes,Yes,No,Yes,Yes,No,No,No,Yes,No,Yes,Yes,No,Yes,No,No,No,No,Yes,No,Yes,Yes,No,No,No,Yes,Yes,No,No,Yes,Yes,Yes,No,Yes,Yes,No,No,Yes,Yes,No,Yes,No,No,No,No,No,No,No,0,FL_32|FL_30|FL_33|FL_31|FL_28,allblock,notallblock,orblock,someblock,twoblock,Q9|Q2|Q12|Q6|Q10|Q5|Q7|Q1|Q8|Q4|Q3|Q11,Q6|Q2|Q10|Q3|Q12|Q5|Q7|Q8|Q4|Q1|Q11|Q9,Q5|Q10|Q9|Q11|Q6|Q7|Q1|Q2|Q3|Q12|Q8|Q4,Q10|Q5|Q6|Q12|Q9|Q11|Q7|Q8|Q3|Q2|Q1|Q4,Q3|Q7|Q10|Q5|Q9|Q4|Q6|Q1|Q8|Q11|Q12|Q2
2021-06-10 14:04:22,2021-06-10 14:37:47,IP Address,134.219.227.27,100,2004,True,2021-06-10 14:37:48,R_1fZMgCZ4goh9oRN,,,,,51.4192962646484375,-0.559295654296875,anonymous,EN,I agree,Yes,No,No,No,No,Yes,No,Yes,No,No,No,Yes,Yes,Yes,No,Yes,Yes,Yes,No,No,Yes,No,Yes,Yes,Yes,Yes,No,Yes,No,No,Yes,Yes,Yes,Yes,Yes,No,No,Yes,Yes,No,No,Yes,Yes,Yes,No,Yes,Yes,Yes,No,Yes,Yes,No,Yes,No,No,No,No,No,Yes,No,0,FL_30|FL_31|FL_32|FL_33|FL_28,allblock,notallblock,orblock,someblock,twoblock,Q9|Q4|Q3|Q1|Q11|Q8|Q6|Q10|Q7|Q2|Q12|Q5,Q12|Q8|Q1|Q3|Q5|Q11|Q4|Q7|Q2|Q6|Q9|Q10,Q4|Q11|Q2|Q12|Q9|Q5|Q8|Q1|Q7|Q3|Q10|Q6,Q9|Q7|Q1|Q10|Q12|Q2|Q8|Q11|Q3|Q4|Q5|Q6,Q11|Q5|Q6|Q4|Q9|Q1|Q8|Q7|Q12|Q10|Q3|Q2
2021-06-10 14:16:18,2021-06-10 14:38:14,IP Address,37.228.215.235,100,1316,True,2021-06-10 14:38:14,R_22KObflzrHVgDpp,,,,,53.33819580078125,-6.25909423828125,anonymous,EN,I agree,Yes,No,No,No,No,Yes,No,Yes,No,No,No,Yes,Yes,Yes,No,Yes,Yes,Yes,No,No,Yes,No,Yes,Yes,No,Yes,No,No,No,No,Yes,No,Yes,Yes,No,No,No,No,Yes,No,No,Yes,No,Yes,No,No,No,Yes,No,Yes,Yes,Yes,Yes,Yes,Yes,Yes,No,No,Yes,No,0,FL_32|FL_31|FL_33|FL_28|FL_30,allblock,notallblock,orblock,someblock,twoblock,Q5|Q1|Q9|Q11|Q10|Q4|Q2|Q12|Q6|Q3|Q7|Q8,Q11|Q10|Q7|Q9|Q8|Q3|Q4|Q2|Q5|Q12|Q1|Q6,Q12|Q5|Q10|Q8|Q1|Q7|Q4|Q3|Q11|Q6|Q9|Q2,Q12|Q9|Q6|Q1|Q7|Q4|Q5|Q3|Q8|Q11|Q10|Q2,Q4|Q11|Q1|Q12|Q10|Q3|Q6|Q9|Q8|Q5|Q7|Q2
2021-06-10 14:27:30,2021-06-10 14:41:08,IP Address,188.220.250.215,100,817,True,2021-06-10 14:41:08,R_1BouBtv7kGdPfIl,,,,,52.5550994873046875,-1.08349609375,anonymous,EN,I agree,Yes,No,No,No,No,Yes,No,Yes,No,No,No,Yes,Yes,Yes,No,Yes,Yes,Yes,No,No,Yes,No,Yes,Yes,No,Yes,No,No,No,No,Yes,Yes,Yes,Yes,Yes,No,No,Yes,Yes,No,No,Yes,No,Yes,No,Yes,No,Yes,No,Yes,Yes,No,Yes,No,No,No,No,No,Yes,No,0,FL_30|FL_33|FL_32|FL_28|FL_31,allblock,notallblock,orblock,someblock,twoblock,Q7|Q8|Q4|Q6|Q10|Q11|Q12|Q9|Q5|Q3|Q1|Q2,Q11|Q3|Q10|Q7|Q6|Q4|Q8|Q5|Q2|Q12|Q9|Q1,Q7|Q1|Q12|Q5|Q3|Q4|Q11|Q10|Q9|Q8|Q6|Q2,Q10|Q4|Q6|Q9|Q3|Q12|Q2|Q8|Q1|Q7|Q5|Q11,Q4|Q2|Q11|Q1|Q3|Q8|Q12|Q9|Q5|Q6|Q10|Q7
2021-06-10 14:20:56,2021-06-10 14:48:04,IP Address,84.28.246.56,100,1628,True,2021-06-10 14:48:04,R_3Dd2HXqO05PUi6T,,,,,52.60040283203125,4.69219970703125,anonymous,EN,I agree,Yes,No,No,No,No,Yes,No,Yes,No,No,No,Yes,Yes,Yes,No,Yes,Yes,Yes,No,No,Yes,No,Yes,Yes,Yes,Yes,No,Yes,No,No,Yes,Yes,Yes,Yes,Yes,No,No,Yes,Yes,No,No,Yes,Yes,Yes,No,Yes,Yes,Yes,No,Yes,Yes,Yes,Yes,No,Yes,No,No,No,Yes,No,0,FL_32|FL_33|FL_31|FL_28|FL_30,allblock,notallblock,orblock,someblock,twoblock,Q6|Q11|Q3|Q1|Q4|Q10|Q12|Q7|Q5|Q9|Q2|Q8,Q2|Q4|Q3|Q12|Q6|Q9|Q11|Q5|Q10|Q1|Q7|Q8,Q2|Q4|Q11|Q1|Q9|Q6|Q10|Q5|Q8|Q7|Q3|Q12,Q1|Q7|Q5|Q4|Q6|Q3|Q11|Q9|Q10|Q2|Q12|Q8,Q12|Q1|Q3|Q10|Q6|Q5|Q9|Q11|Q8|Q7|Q4|Q2
2021-06-10 14:27:54,2021-06-10 14:54:41,IP Address,102.65.62.48,100,1607,True,2021-06-10 14:54:41,R_1d04PHZrewLFnnl,,,,,-34.0485992431640625,18.4810943603515625,anonymous,EN,I agree,Yes,No,No,No,No,Yes,No,Yes,No,No,Yes,Yes,No,Yes,No,Yes,Yes,Yes,No,No,Yes,No,No,Yes,Yes,Yes,No,Yes,No,No,Yes,Yes,Yes,Yes,Yes,No,No,Yes,Yes,No,No,Yes,Yes,Yes,No,Yes,Yes,Yes,No,Yes,Yes,Yes,Yes,No,Yes,No,No,No,Yes,No,0,FL_32|FL_28|FL_31|FL_30|FL_33,allblock,notallblock,orblock,someblock,twoblock,Q12|Q5|Q9|Q10|Q1|Q7|Q8|Q4|Q6|Q3|Q11|Q2,Q6|Q12|Q5|Q3|Q10|Q2|Q4|Q8|Q11|Q9|Q7|Q1,Q10|Q1|Q12|Q8|Q7|Q11|Q3|Q6|Q4|Q2|Q9|Q5,Q9|Q7|Q12|Q4|Q8|Q11|Q2|Q1|Q6|Q3|Q10|Q5,Q11|Q6|Q1|Q12|Q5|Q10|Q8|Q4|Q3|Q9|Q7|Q2
2021-06-10 14:42:39,2021-06-10 15:00:42,IP Address,90.214.96.44,100,1082,True,2021-06-10 15:00:42,R_3s1FbQWSs3GjNDn,,,,,54.9734954833984375,-1.5673065185546875,anonymous,EN,I agree,Yes,No,No,No,No,Yes,No,Yes,No,No,No,Yes,Yes,Yes,No,Yes,Yes,Yes,No,No,Yes,No,Yes,Yes,Yes,Yes,No,No,No,No,Yes,No,Yes,Yes,No,No,No,Yes,Yes,No,No,Yes,Yes,Yes,No,Yes,Yes,Yes,No,Yes,Yes,Yes,Yes,No,No,No,No,No,Yes,No,0,FL_32|FL_30|FL_33|FL_28|FL_31,allblock,notallblock,orblock,someblock,twoblock,Q3|Q6|Q2|Q9|Q1|Q7|Q12|Q4|Q5|Q11|Q8|Q10,Q5|Q4|Q2|Q12|Q11|Q1|Q9|Q8|Q6|Q10|Q7|Q3,Q1|Q10|Q7|Q6|Q8|Q4|Q2|Q5|Q9|Q11|Q12|Q3,Q5|Q10|Q7|Q4|Q11|Q12|Q9|Q1|Q2|Q3|Q6|Q8,Q10|Q2|Q3|Q1|Q9|Q12|Q4|Q8|Q11|Q6|Q7|Q5
2021-06-10 14:37:47,2021-06-10 15:03:51,IP Address,41.144.78.86,100,1563,True,2021-06-10 15:03:52,R_3psZoM7MJBGN5wv,,,,,-26.381103515625,27.8376007080078125,anonymous,EN,I agree,No,No,No,No,No,Yes,No,Yes,No,No,No,Yes,Yes,Yes,No,Yes,Yes,Yes,No,No,Yes,No,Yes,No,Yes,Yes,No,Yes,No,No,Yes,Yes,Yes,Yes,Yes,No,No,Yes,Yes,No,No,Yes,No,Yes,No,Yes,Yes,Yes,No,Yes,No,No,No,No,No,No,No,No,Yes,No,0,FL_32|FL_33|FL_30|FL_31|FL_28,allblock,notallblock,orblock,someblock,twoblock,Q3|Q10|Q7|Q6|Q8|Q11|Q4|Q5|Q1|Q2|Q12|Q9,Q2|Q9|Q10|Q11|Q1|Q3|Q7|Q12|Q8|Q4|Q5|Q6,Q8|Q7|Q5|Q4|Q10|Q2|Q11|Q6|Q3|Q1|Q12|Q9,Q2|Q1|Q10|Q5|Q12|Q9|Q11|Q4|Q8|Q7|Q3|Q6,Q2|Q9|Q3|Q7|Q8|Q10|Q11|Q5|Q1|Q4|Q6|Q12
2021-06-10 14:49:52,2021-06-10 15:13:53,IP Address,41.133.114.216,100,1441,True,2021-06-10 15:13:53,R_3lSvgqVXVbu4zMk,,,,,-29.8556060791015625,31.0449066162109375,anonymous,EN,I agree,Yes,No,No,No,No,Yes,No,Yes,No,No,No,Yes,Yes,Yes,No,Yes,Yes,Yes,No,No,Yes,No,Yes,Yes,Yes,Yes,No,Yes,No,No,Yes,Yes,Yes,Yes,Yes,Yes,No,Yes,Yes,No,No,Yes,Yes,Yes,No,Yes,Yes,Yes,No,Yes,Yes,No,Yes,No,No,No,No,No,Yes,No,0,FL_32|FL_33|FL_31|FL_28|FL_30,allblock,notallblock,orblock,someblock,twoblock,Q11|Q8|Q9|Q7|Q10|Q6|Q3|Q1|Q4|Q12|Q2|Q5,Q9|Q7|Q5|Q12|Q2|Q8|Q3|Q6|Q11|Q10|Q1|Q4,Q2|Q6|Q11|Q4|Q10|Q5|Q1|Q7|Q9|Q12|Q3|Q8,Q7|Q9|Q4|Q12|Q10|Q11|Q3|Q1|Q6|Q2|Q5|Q8,Q11|Q2|Q3|Q4|Q7|Q10|Q12|Q9|Q8|Q5|Q1|Q6
2021-06-10 15:01:44,2021-06-10 15:18:14,IP Address,90.222.93.31,100,989,True,2021-06-10 15:18:15,R_1mfVa11ZK2jTWTo,,,,,55.830596923828125,-4.2592926025390625,anonymous,EN,I agree,Yes,No,No,No,No,Yes,No,Yes,No,No,No,Yes,Yes,Yes,No,Yes,Yes,Yes,No,No,Yes,No,Yes,Yes,No,Yes,No,Yes,No,No,Yes,No,Yes,Yes,Yes,No,No,No,Yes,No,No,Yes,No,Yes,No,Yes,No,Yes,No,Yes,Yes,No,Yes,No,No,Yes,No,No,Yes,No,0,FL_30|FL_33|FL_31|FL_32|FL_28,allblock,notallblock,orblock,someblock,twoblock,Q11|Q2|Q12|Q5|Q8|Q7|Q10|Q4|Q9|Q1|Q6|Q3,Q2|Q1|Q8|Q4|Q12|Q6|Q7|Q3|Q10|Q5|Q11|Q9,Q6|Q11|Q9|Q7|Q2|Q3|Q10|Q4|Q12|Q8|Q5|Q1,Q7|Q2|Q5|Q11|Q4|Q10|Q6|Q12|Q1|Q9|Q8|Q3,Q9|Q7|Q12|Q11|Q5|Q8|Q3|Q10|Q1|Q6|Q2|Q4
2021-06-10 14:49:39,2021-06-10 15:18:19,IP Address,94.5.125.164,100,1719,True,2021-06-10 15:18:19,R_1hRqALkq3jC0Vbr,,,,,51.3737945556640625,0.491302490234375,anonymous,EN,I agree,Yes,No,No,No,No,Yes,No,Yes,No,No,No,Yes,Yes,Yes,No,Yes,Yes,Yes,No,No,Yes,No,Yes,Yes,Yes,Yes,No,Yes,No,No,Yes,Yes,Yes,Yes,Yes,No,No,Yes,Yes,No,No,Yes,Yes,Yes,No,Yes,Yes,Yes,No,Yes,Yes,No,Yes,Yes,Yes,Yes,No,No,Yes,No,0,FL_33|FL_32|FL_31|FL_30|FL_28,allblock,notallblock,orblock,someblock,twoblock,Q8|Q3|Q11|Q1|Q2|Q9|Q4|Q7|Q6|Q5|Q12|Q10,Q7|Q3|Q4|Q8|Q9|Q5|Q12|Q11|Q10|Q2|Q6|Q1,Q9|Q12|Q1|Q6|Q5|Q7|Q2|Q8|Q11|Q10|Q4|Q3,Q1|Q10|Q9|Q8|Q5|Q12|Q4|Q3|Q7|Q6|Q2|Q11,Q9|Q4|Q2|Q1|Q6|Q11|Q12|Q7|Q8|Q5|Q10|Q3
2021-06-10 14:52:21,2021-06-10 15:19:01,IP Address,95.147.6.31,100,1599,True,2021-06-10 15:19:01,R_1DpzUVrSFb5FWoj,,,,,52.3325042724609375,-0.1844024658203125,anonymous,EN,I agree,Yes,No,No,No,No,Yes,No,Yes,No,No,No,Yes,Yes,Yes,No,Yes,Yes,Yes,No,No,Yes,No,Yes,Yes,Yes,Yes,No,Yes,No,No,Yes,Yes,Yes,Yes,Yes,No,No,Yes,Yes,No,No,Yes,Yes,Yes,No,Yes,Yes,Yes,No,Yes,Yes,No,Yes,No,No,No,No,No,Yes,No,0,FL_32|FL_31|FL_30|FL_28|FL_33,allblock,notallblock,orblock,someblock,twoblock,Q12|Q7|Q6|Q2|Q4|Q9|Q8|Q10|Q3|Q5|Q11|Q1,Q12|Q1|Q10|Q9|Q8|Q11|Q3|Q2|Q6|Q4|Q5|Q7,Q12|Q11|Q3|Q9|Q2|Q5|Q8|Q6|Q1|Q10|Q7|Q4,Q6|Q9|Q10|Q4|Q5|Q2|Q12|Q1|Q3|Q7|Q11|Q8,Q12|Q4|Q7|Q8|Q5|Q9|Q2|Q6|Q10|Q3|Q11|Q1
2021-06-10 14:54:25,2021-06-10 15:20:59,IP Address,102.39.208.103,100,1593,True,2021-06-10 15:20:59,R_yJQQHWlheF4AfpD,,,,,-33.91400146484375,18.41290283203125,anonymous,EN,I agree,No,No,No,No,No,Yes,No,Yes,No,No,No,Yes,Yes,Yes,No,Yes,Yes,Yes,No,No,No,No,Yes,Yes,No,Yes,No,No,No,No,Yes,No,Yes,Yes,No,No,No,No,Yes,No,No,Yes,No,Yes,No,No,No,Yes,No,Yes,Yes,No,Yes,No,No,No,No,No,Yes,No,0,FL_28|FL_30|FL_31|FL_32|FL_33,allblock,notallblock,orblock,someblock,twoblock,Q12|Q1|Q3|Q4|Q11|Q6|Q9|Q5|Q2|Q7|Q10|Q8,Q2|Q11|Q5|Q4|Q3|Q6|Q1|Q10|Q9|Q12|Q7|Q8,Q5|Q12|Q10|Q6|Q9|Q8|Q2|Q11|Q3|Q4|Q1|Q7,Q12|Q5|Q8|Q11|Q10|Q6|Q3|Q4|Q7|Q1|Q9|Q2,Q1|Q11|Q2|Q3|Q8|Q7|Q5|Q10|Q9|Q4|Q12|Q6
2021-06-10 14:59:24,2021-06-10 15:21:05,IP Address,172.97.171.140,100,1301,True,2021-06-10 15:21:06,R_27g22tK6l5JzGJM,,,,,43.196197509765625,-79.845703125,anonymous,EN,I agree,Yes,No,No,No,No,Yes,No,Yes,No,No,No,Yes,Yes,Yes,No,Yes,Yes,Yes,No,No,Yes,No,Yes,Yes,Yes,Yes,No,Yes,No,No,Yes,Yes,Yes,Yes,Yes,No,No,Yes,Yes,No,No,Yes,Yes,Yes,No,Yes,Yes,Yes,No,Yes,Yes,No,Yes,Yes,Yes,Yes,No,No,Yes,No,0,FL_28|FL_32|FL_33|FL_31|FL_30,allblock,notallblock,orblock,someblock,twoblock,Q8|Q3|Q2|Q7|Q6|Q9|Q4|Q1|Q11|Q5|Q10|Q12,Q5|Q9|Q11|Q7|Q12|Q2|Q10|Q3|Q1|Q4|Q6|Q8,Q9|Q1|Q5|Q7|Q10|Q2|Q11|Q12|Q3|Q4|Q8|Q6,Q2|Q10|Q1|Q11|Q6|Q4|Q9|Q7|Q8|Q3|Q12|Q5,Q1|Q12|Q4|Q3|Q10|Q8|Q7|Q11|Q2|Q5|Q6|Q9
2021-06-10 14:59:44,2021-06-10 15:26:03,IP Address,105.27.200.166,100,1578,True,2021-06-10 15:26:03,R_tEe64NYBWRWp5Sh,,,,,-29.8556060791015625,31.0449066162109375,anonymous,EN,I agree,Yes,No,No,No,No,Yes,No,Yes,No,No,No,Yes,Yes,Yes,No,Yes,Yes,Yes,No,No,Yes,No,Yes,Yes,Yes,Yes,No,Yes,No,No,Yes,Yes,Yes,Yes,Yes,No,No,Yes,Yes,No,No,Yes,Yes,Yes,No,Yes,Yes,Yes,No,Yes,Yes,No,Yes,No,No,No,No,No,Yes,No,0,FL_33|FL_32|FL_30|FL_31|FL_28,allblock,notallblock,orblock,someblock,twoblock,Q3|Q12|Q8|Q10|Q5|Q6|Q2|Q7|Q9|Q4|Q1|Q11,Q4|Q10|Q3|Q2|Q1|Q6|Q12|Q9|Q8|Q11|Q5|Q7,Q3|Q12|Q5|Q4|Q9|Q6|Q8|Q11|Q7|Q10|Q2|Q1,Q9|Q3|Q11|Q4|Q5|Q12|Q1|Q6|Q8|Q10|Q7|Q2,Q3|Q5|Q12|Q4|Q9|Q11|Q2|Q1|Q10|Q7|Q6|Q8
2021-06-10 15:01:54,2021-06-10 15:26:16,IP Address,5.173.136.77,100,1462,True,2021-06-10 15:26:17,R_2S7vgyp6pXWCsTJ,,,,,52.2483978271484375,21.002593994140625,anonymous,EN,I agree,Yes,No,No,No,No,Yes,No,Yes,No,No,No,Yes,Yes,No,No,No,No,Yes,No,No,Yes,No,Yes,No,Yes,Yes,No,Yes,No,No,Yes,Yes,Yes,Yes,Yes,No,No,Yes,Yes,No,No,Yes,Yes,Yes,No,Yes,Yes,Yes,No,Yes,Yes,No,Yes,No,No,No,No,No,Yes,No,0,FL_30|FL_32|FL_31|FL_33|FL_28,allblock,notallblock,orblock,someblock,twoblock,Q2|Q3|Q1|Q5|Q8|Q9|Q7|Q11|Q12|Q4|Q6|Q10,Q11|Q10|Q8|Q3|Q2|Q1|Q12|Q4|Q5|Q6|Q7|Q9,Q6|Q8|Q4|Q9|Q2|Q11|Q7|Q3|Q12|Q5|Q10|Q1,Q4|Q5|Q6|Q12|Q8|Q2|Q10|Q9|Q11|Q3|Q7|Q1,Q6|Q5|Q12|Q4|Q8|Q7|Q10|Q2|Q3|Q1|Q11|Q9
2021-06-10 14:51:04,2021-06-10 15:28:59,IP Address,90.199.20.202,100,2274,True,2021-06-10 15:29:00,R_wRBhQODVy1hgPxT,,,,,51.4770050048828125,-0.1959075927734375,anonymous,EN,I agree,Yes,No,No,No,No,Yes,No,Yes,No,No,No,Yes,No,Yes,No,Yes,Yes,No,No,No,Yes,No,Yes,Yes,No,Yes,No,No,No,No,Yes,No,Yes,Yes,No,No,No,No,Yes,No,No,Yes,No,Yes,No,No,No,Yes,No,Yes,Yes,No,Yes,No,No,No,No,No,Yes,No,0,FL_32|FL_33|FL_28|FL_31|FL_30,allblock,notallblock,orblock,someblock,twoblock,Q5|Q2|Q11|Q4|Q10|Q3|Q8|Q7|Q12|Q6|Q9|Q1,Q1|Q5|Q4|Q7|Q10|Q8|Q6|Q2|Q3|Q12|Q11|Q9,Q11|Q7|Q9|Q10|Q12|Q3|Q2|Q8|Q4|Q5|Q6|Q1,Q8|Q5|Q12|Q1|Q6|Q4|Q7|Q9|Q10|Q11|Q3|Q2,Q12|Q7|Q4|Q2|Q11|Q1|Q10|Q8|Q5|Q3|Q6|Q9
2021-06-10 14:39:36,2021-06-10 15:30:48,IP Address,102.39.67.24,100,3072,True,2021-06-10 15:30:49,R_A0pQQeNZM3A2IXD,,,,,-29.8556060791015625,31.0449066162109375,anonymous,EN,I agree,Yes,No,No,No,No,Yes,No,Yes,No,No,No,Yes,No,Yes,No,Yes,Yes,No,No,No,No,No,No,Yes,No,Yes,No,No,No,No,Yes,No,Yes,Yes,No,No,No,No,Yes,No,No,Yes,No,Yes,No,No,No,Yes,No,Yes,Yes,No,Yes,No,No,No,No,No,Yes,No,0,FL_32|FL_30|FL_28|FL_33|FL_31,allblock,notallblock,orblock,someblock,twoblock,Q1|Q9|Q5|Q11|Q7|Q10|Q6|Q12|Q3|Q2|Q8|Q4,Q6|Q8|Q2|Q11|Q9|Q1|Q3|Q7|Q10|Q4|Q5|Q12,Q11|Q2|Q7|Q9|Q10|Q6|Q12|Q1|Q3|Q5|Q4|Q8,Q3|Q11|Q6|Q9|Q2|Q7|Q8|Q1|Q12|Q10|Q4|Q5,Q8|Q5|Q1|Q2|Q4|Q3|Q6|Q12|Q11|Q9|Q10|Q7
2021-06-10 15:03:52,2021-06-10 15:31:01,IP Address,102.132.55.198,100,1628,True,2021-06-10 15:31:01,R_115FV1rsykqwL6t,,,,,-26.381103515625,27.8376007080078125,anonymous,EN,I agree,Yes,No,No,No,No,Yes,No,Yes,No,No,No,Yes,Yes,Yes,No,Yes,Yes,Yes,No,No,Yes,No,Yes,Yes,Yes,Yes,No,Yes,No,No,Yes,Yes,Yes,Yes,Yes,No,No,Yes,Yes,No,No,Yes,Yes,Yes,No,Yes,Yes,Yes,No,Yes,Yes,Yes,Yes,Yes,Yes,Yes,No,No,Yes,No,0,FL_32|FL_31|FL_28|FL_33|FL_30,allblock,notallblock,orblock,someblock,twoblock,Q5|Q8|Q3|Q9|Q4|Q1|Q7|Q2|Q12|Q11|Q6|Q10,Q6|Q2|Q3|Q8|Q7|Q4|Q12|Q9|Q1|Q5|Q11|Q10,Q3|Q4|Q7|Q2|Q1|Q8|Q12|Q9|Q5|Q10|Q11|Q6,Q4|Q10|Q6|Q9|Q5|Q2|Q3|Q7|Q8|Q1|Q12|Q11,Q5|Q10|Q1|Q12|Q4|Q7|Q9|Q8|Q2|Q11|Q3|Q6
2021-06-10 14:43:40,2021-06-10 15:39:40,IP Address,41.144.86.123,100,3360,True,2021-06-10 15:39:41,R_3dHbDi2mLf1aqlW,,,,,-26.381103515625,27.8376007080078125,anonymous,EN,I agree,Yes,No,No,No,No,Yes,No,Yes,No,No,No,Yes,Yes,Yes,No,No,Yes,Yes,No,No,Yes,No,Yes,Yes,Yes,Yes,No,Yes,No,No,Yes,Yes,Yes,Yes,Yes,No,No,Yes,No,No,No,Yes,No,Yes,No,No,No,Yes,No,Yes,Yes,No,Yes,No,Yes,No,No,No,No,No,0,FL_31|FL_33|FL_30|FL_32|FL_28,allblock,notallblock,orblock,someblock,twoblock,Q8|Q3|Q10|Q2|Q9|Q4|Q12|Q6|Q5|Q7|Q11|Q1,Q5|Q7|Q9|Q6|Q12|Q4|Q1|Q11|Q2|Q10|Q8|Q3,Q2|Q4|Q6|Q1|Q7|Q12|Q11|Q8|Q10|Q5|Q3|Q9,Q8|Q3|Q6|Q5|Q7|Q11|Q10|Q12|Q1|Q9|Q4|Q2,Q10|Q2|Q8|Q7|Q9|Q5|Q12|Q1|Q3|Q11|Q4|Q6
2021-06-10 14:57:18,2021-06-10 15:46:15,IP Address,197.185.100.44,100,2936,True,2021-06-10 15:46:15,R_szkhL00LeWEpvHj,,,,,-26.381103515625,27.8376007080078125,anonymous,EN,I agree,Yes,No,No,No,No,Yes,No,Yes,No,No,No,Yes,No,Yes,No,Yes,Yes,No,No,No,No,No,No,Yes,No,Yes,No,No,No,No,Yes,No,Yes,Yes,No,No,No,No,Yes,No,No,Yes,No,Yes,No,Yes,No,Yes,No,Yes,Yes,No,Yes,No,No,No,No,No,Yes,No,0,FL_32|FL_33|FL_31|FL_30|FL_28,allblock,notallblock,orblock,someblock,twoblock,Q9|Q2|Q8|Q4|Q12|Q3|Q7|Q1|Q11|Q6|Q5|Q10,Q4|Q1|Q10|Q8|Q2|Q3|Q7|Q6|Q11|Q5|Q9|Q12,Q11|Q7|Q1|Q12|Q2|Q9|Q5|Q6|Q8|Q3|Q4|Q10,Q1|Q9|Q8|Q12|Q10|Q5|Q6|Q11|Q3|Q4|Q7|Q2,Q4|Q11|Q12|Q5|Q7|Q6|Q2|Q3|Q9|Q1|Q8|Q10
2021-06-10 14:54:09,2021-06-10 16:14:54,IP Address,102.250.7.221,100,4844,True,2021-06-10 16:14:54,R_RR1rWOcTGkfjly9,,,,,-25.7599029541015625,28.260406494140625,anonymous,EN,I agree,Yes,No,No,No,No,Yes,No,Yes,No,No,No,Yes,No,Yes,No,Yes,Yes,No,No,No,No,No,No,Yes,Yes,Yes,No,Yes,No,No,Yes,Yes,No,Yes,Yes,No,No,Yes,Yes,Yes,No,Yes,Yes,Yes,Yes,Yes,Yes,Yes,No,Yes,No,No,Yes,No,No,No,No,No,Yes,No,0,FL_32|FL_28|FL_31|FL_33|FL_30,allblock,notallblock,orblock,someblock,twoblock,Q10|Q8|Q9|Q11|Q12|Q7|Q4|Q6|Q5|Q3|Q2|Q1,Q3|Q7|Q4|Q6|Q11|Q2|Q1|Q9|Q8|Q10|Q5|Q12,Q6|Q10|Q3|Q2|Q4|Q7|Q1|Q8|Q12|Q11|Q9|Q5,Q7|Q8|Q9|Q4|Q12|Q5|Q11|Q3|Q2|Q10|Q1|Q6,Q3|Q2|Q1|Q5|Q10|Q12|Q7|Q6|Q11|Q4|Q8|Q9
2021-06-10 13:48:35,2021-06-10 14:21:11,IP Address,82.47.143.239,99,1955,False,2021-06-17 14:21:13,R_3KPXJK2A7gebpXE,,,,,,,anonymous,EN,I agree,Yes,No,No,No,No,Yes,No,Yes,No,No,No,Yes,Yes,Yes,No,Yes,Yes,Yes,No,No,Yes,No,Yes,Yes,Yes,Yes,No,Yes,No,No,Yes,Yes,Yes,Yes,Yes,No,No,Yes,Yes,No,No,Yes,Yes,Yes,No,Yes,Yes,Yes,No,Yes,Yes,No,Yes,No,No,No,No,No,Yes,No,0,FL_28|FL_31|FL_30|FL_33|FL_32,allblock,notallblock,orblock,someblock,twoblock,Q9|Q7|Q1|Q8|Q6|Q11|Q12|Q4|Q5|Q10|Q2|Q3,Q4|Q1|Q10|Q8|Q3|Q12|Q7|Q6|Q2|Q11|Q9|Q5,Q7|Q5|Q8|Q3|Q10|Q6|Q4|Q11|Q2|Q9|Q12|Q1,Q7|Q12|Q1|Q6|Q2|Q5|Q9|Q8|Q4|Q10|Q3|Q11,Q4|Q9|Q12|Q10|Q6|Q1|Q3|Q11|Q7|Q2|Q5|Q8
2021-06-10 14:04:41,2021-06-10 14:28:15,IP Address,24.123.243.82,12,1414,False,2021-06-17 14:28:16,R_31SnvMh8iE2fp26,,,,,,,anonymous,EN,I agree,,,,,,,,,,,,,,,,,,,,,,,,,,,,,,,,,,,,,,,,,,,,,,,,,,,,No,,,Yes,Yes,Yes,,,No,1,FL_33|FL_30|FL_28|FL_32|FL_31,,,,,twoblock,,,,,Q9|Q8|Q12|Q7|Q4|Q6|Q1|Q5|Q3|Q10|Q11|Q2
2021-06-10 14:10:08,2021-06-10 14:39:26,IP Address,67.82.38.113,99,1757,False,2021-06-17 14:39:28,R_2sbiqH4oCknaiHr,,,,,,,anonymous,EN,I agree,Yes,No,No,No,No,Yes,No,Yes,No,No,No,Yes,Yes,Yes,No,Yes,Yes,Yes,No,No,Yes,No,Yes,Yes,No,Yes,No,No,No,No,Yes,No,Yes,Yes,No,No,No,No,Yes,No,No,Yes,No,Yes,No,No,No,Yes,No,Yes,Yes,No,Yes,No,No,No,No,No,Yes,No,0,FL_28|FL_30|FL_33|FL_31|FL_32,allblock,notallblock,orblock,someblock,twoblock,Q7|Q12|Q4|Q9|Q6|Q3|Q5|Q11|Q8|Q10|Q1|Q2,Q10|Q8|Q12|Q3|Q4|Q2|Q9|Q5|Q1|Q6|Q7|Q11,Q4|Q10|Q3|Q8|Q7|Q6|Q11|Q12|Q5|Q2|Q1|Q9,Q7|Q11|Q2|Q10|Q5|Q4|Q12|Q8|Q3|Q1|Q6|Q9,Q10|Q11|Q5|Q8|Q6|Q3|Q1|Q2|Q7|Q12|Q4|Q9
2021-06-10 14:29:48,2021-06-10 14:43:58,IP Address,77.231.149.92,99,849,False,2021-06-17 14:43:59,R_1r8K0R6GMgOs8Ev,,,,,,,anonymous,EN,I agree,Yes,No,No,No,No,Yes,No,Yes,No,No,No,Yes,No,Yes,No,Yes,Yes,No,No,No,No,No,No,Yes,Yes,Yes,No,Yes,No,No,Yes,Yes,Yes,Yes,Yes,No,No,No,Yes,No,No,Yes,No,Yes,No,No,No,Yes,No,Yes,Yes,Yes,Yes,No,No,Yes,No,No,Yes,No,0,FL_31|FL_33|FL_28|FL_32|FL_30,allblock,notallblock,orblock,someblock,twoblock,Q4|Q5|Q2|Q8|Q1|Q9|Q12|Q10|Q11|Q7|Q3|Q6,Q9|Q6|Q8|Q3|Q7|Q2|Q5|Q4|Q12|Q11|Q10|Q1,Q10|Q2|Q1|Q7|Q11|Q8|Q5|Q6|Q4|Q9|Q12|Q3,Q4|Q12|Q5|Q7|Q1|Q11|Q2|Q9|Q10|Q8|Q3|Q6,Q9|Q4|Q3|Q6|Q12|Q5|Q2|Q7|Q1|Q8|Q10|Q11
2021-06-10 14:22:41,2021-06-10 14:46:27,IP Address,41.71.88.62,99,1425,False,2021-06-17 14:46:29,R_2EcxJLcjX3lXecP,,,,,,,anonymous,EN,I agree,Yes,No,No,No,No,Yes,No,Yes,No,No,No,Yes,No,Yes,No,Yes,Yes,No,No,No,No,No,No,Yes,No,Yes,No,No,No,No,Yes,No,Yes,Yes,No,No,No,No,Yes,No,No,Yes,No,Yes,No,No,No,Yes,No,Yes,Yes,No,Yes,No,No,No,No,No,Yes,No,0,FL_32|FL_31|FL_33|FL_30|FL_28,allblock,notallblock,orblock,someblock,twoblock,Q10|Q8|Q12|Q9|Q7|Q11|Q6|Q5|Q3|Q1|Q2|Q4,Q5|Q1|Q2|Q10|Q8|Q12|Q6|Q7|Q9|Q11|Q3|Q4,Q8|Q6|Q2|Q1|Q4|Q7|Q11|Q5|Q3|Q10|Q12|Q9,Q7|Q3|Q12|Q10|Q8|Q2|Q1|Q9|Q6|Q5|Q11|Q4,Q10|Q11|Q4|Q7|Q2|Q9|Q8|Q12|Q1|Q6|Q3|Q5
2021-06-10 14:26:09,2021-06-10 14:50:43,IP Address,81.156.83.186,99,1473,False,2021-06-17 14:50:46,R_1JIN5YGwMvfBv3x,,,,,,,anonymous,EN,I agree,Yes,No,No,No,No,Yes,No,Yes,No,No,No,Yes,Yes,Yes,No,Yes,Yes,Yes,No,No,Yes,No,Yes,Yes,No,Yes,No,No,No,No,Yes,No,Yes,Yes,No,No,No,Yes,Yes,No,No,Yes,Yes,Yes,No,Yes,Yes,Yes,No,Yes,Yes,No,Yes,No,No,No,No,No,Yes,No,0,FL_32|FL_33|FL_30|FL_31|FL_28,allblock,notallblock,orblock,someblock,twoblock,Q12|Q11|Q4|Q2|Q7|Q3|Q9|Q6|Q5|Q1|Q8|Q10,Q9|Q1|Q4|Q5|Q6|Q11|Q3|Q8|Q7|Q12|Q10|Q2,Q6|Q12|Q7|Q9|Q4|Q3|Q8|Q1|Q11|Q2|Q5|Q10,Q9|Q5|Q3|Q8|Q7|Q4|Q12|Q11|Q10|Q6|Q2|Q1,Q10|Q11|Q1|Q3|Q6|Q7|Q5|Q4|Q9|Q12|Q8|Q2
2021-06-10 14:29:37,2021-06-10 14:51:45,IP Address,197.229.143.162,99,1327,False,2021-06-17 14:51:47,R_3vBJxMm2aNHaIJr,,,,,,,anonymous,EN,I agree,Yes,No,No,No,No,Yes,No,Yes,No,No,No,Yes,No,Yes,No,Yes,Yes,No,No,No,Yes,No,No,Yes,Yes,Yes,No,Yes,No,No,Yes,Yes,Yes,Yes,Yes,No,No,No,Yes,No,No,Yes,No,Yes,No,No,No,Yes,No,Yes,Yes,No,Yes,No,No,No,No,No,Yes,No,0,FL_31|FL_33|FL_30|FL_28|FL_32,allblock,notallblock,orblock,someblock,twoblock,Q6|Q11|Q1|Q12|Q7|Q9|Q3|Q2|Q10|Q4|Q5|Q8,Q5|Q6|Q9|Q3|Q8|Q12|Q7|Q4|Q1|Q10|Q2|Q11,Q3|Q2|Q7|Q6|Q9|Q12|Q5|Q4|Q10|Q11|Q1|Q8,Q7|Q1|Q11|Q4|Q2|Q6|Q9|Q8|Q3|Q12|Q5|Q10,Q1|Q10|Q6|Q12|Q8|Q9|Q2|Q7|Q4|Q5|Q11|Q3
2021-06-10 14:32:44,2021-06-10 14:52:51,IP Address,82.132.240.148,99,1207,False,2021-06-17 14:52:53,R_3nPnGMUu8ka9lWo,,,,,,,anonymous,EN,I agree,Yes,No,No,No,No,Yes,No,Yes,No,No,No,Yes,No,No,No,Yes,Yes,Yes,No,No,Yes,No,Yes,Yes,Yes,Yes,No,No,No,No,Yes,No,Yes,Yes,No,No,No,No,Yes,No,No,Yes,No,Yes,No,No,No,Yes,No,Yes,Yes,No,Yes,No,No,No,No,No,Yes,No,0,FL_32|FL_31|FL_28|FL_30|FL_33,allblock,notallblock,orblock,someblock,twoblock,Q2|Q11|Q5|Q1|Q12|Q7|Q9|Q6|Q10|Q8|Q4|Q3,Q2|Q3|Q9|Q12|Q4|Q8|Q11|Q1|Q7|Q10|Q6|Q5,Q4|Q1|Q3|Q8|Q5|Q11|Q12|Q10|Q6|Q7|Q2|Q9,Q6|Q7|Q5|Q10|Q4|Q11|Q3|Q9|Q2|Q1|Q8|Q12,Q8|Q5|Q3|Q4|Q1|Q2|Q7|Q10|Q6|Q11|Q12|Q9
2021-06-10 14:49:23,2021-06-10 14:53:21,IP Address,197.185.105.147,18,238,False,2021-06-17 14:53:22,R_CevStaRTnaFghFL,,,,,,,anonymous,EN,I agree,,,,,,,,,,,,,No,Yes,,Yes,Yes,No,No,No,Yes,,No,,,,,,,,,,,,,,,,,,,,,,,,,,,,,,,,,,,,,,1,FL_30|FL_28|FL_31|FL_33|FL_32,,notallblock,,,,,Q8|Q7|Q5|Q2|Q4|Q9|Q1|Q11|Q6|Q12|Q3|Q10,,,
2021-06-10 14:49:08,2021-06-10 14:57:25,IP Address,197.185.103.115,29,497,False,2021-06-17 14:57:26,R_28XMfj1GH4YKrKf,,,,,,,anonymous,EN,I agree,Yes,Yes,No,Yes,No,Yes,No,Yes,Yes,No,No,Yes,,,,,,,,,,,,,,,,,,,,,,,,,,,,,Yes,,Yes,,,No,,,,,,,,,,,,,,,0,FL_28|FL_32|FL_31|FL_33|FL_30,allblock,,,someblock,,Q8|Q6|Q7|Q12|Q1|Q3|Q5|Q11|Q2|Q9|Q10|Q4,,,Q5|Q10|Q7|Q9|Q2|Q3|Q8|Q6|Q4|Q1|Q12|Q11,
2021-06-10 14:36:11,2021-06-10 14:58:14,IP Address,146.199.250.45,99,1322,False,2021-06-17 14:58:16,R_QnT73bIuPj923PH,,,,,,,anonymous,EN,I agree,Yes,No,No,No,No,Yes,No,Yes,No,No,No,Yes,Yes,Yes,No,Yes,Yes,Yes,No,No,Yes,No,Yes,Yes,Yes,Yes,No,Yes,No,No,Yes,Yes,Yes,Yes,Yes,No,No,Yes,Yes,No,No,Yes,Yes,Yes,No,Yes,Yes,Yes,No,Yes,Yes,No,Yes,No,No,No,No,No,Yes,No,0,FL_30|FL_28|FL_32|FL_31|FL_33,allblock,notallblock,orblock,someblock,twoblock,Q7|Q8|Q12|Q2|Q5|Q10|Q11|Q3|Q9|Q6|Q4|Q1,Q7|Q11|Q1|Q2|Q4|Q6|Q3|Q12|Q10|Q8|Q5|Q9,Q6|Q9|Q10|Q11|Q2|Q3|Q12|Q8|Q7|Q1|Q5|Q4,Q5|Q2|Q1|Q6|Q3|Q8|Q12|Q7|Q9|Q4|Q10|Q11,Q3|Q2|Q12|Q4|Q7|Q11|Q10|Q1|Q8|Q9|Q5|Q6
2021-06-10 14:34:02,2021-06-10 14:59:45,IP Address,146.141.14.190,99,1543,False,2021-06-17 14:59:47,R_2QMO0NwHUVPvlHj,,,,,,,anonymous,EN,I agree,Yes,No,No,No,No,Yes,No,Yes,No,No,No,Yes,No,Yes,No,Yes,Yes,Yes,No,No,No,No,No,Yes,Yes,Yes,No,Yes,Yes,No,Yes,Yes,Yes,Yes,Yes,No,No,Yes,Yes,No,No,Yes,Yes,Yes,No,Yes,Yes,Yes,No,Yes,Yes,No,Yes,No,No,Yes,No,No,Yes,No,0,FL_33|FL_31|FL_30|FL_32|FL_28,allblock,notallblock,orblock,someblock,twoblock,Q5|Q10|Q9|Q7|Q1|Q11|Q12|Q4|Q2|Q8|Q6|Q3,Q3|Q6|Q4|Q2|Q7|Q12|Q9|Q10|Q11|Q5|Q8|Q1,Q12|Q7|Q5|Q4|Q3|Q2|Q11|Q10|Q9|Q8|Q1|Q6,Q6|Q10|Q3|Q4|Q11|Q12|Q5|Q8|Q7|Q9|Q1|Q2,Q8|Q2|Q3|Q12|Q7|Q6|Q4|Q1|Q5|Q10|Q9|Q11
2021-06-10 15:00:51,2021-06-10 15:01:01,IP Address,188.220.250.215,3,10,False,2021-06-17 15:01:01,R_2altOeQSaxEzASl,,,,,,,anonymous,EN,I agree,,,,,,,,,,,,,,,,,,,,,,,,,,,,,,,,,,,,,,,,,,,,,,,,,,,,,,,,,,,,,1,FL_30|FL_33|FL_32|FL_28|FL_31,,,,,,,,,,
2021-06-10 14:28:28,2021-06-10 15:08:10,IP Address,174.64.14.147,99,2381,False,2021-06-17 15:08:11,R_1GJh8H8ZzoPwBb5,,,,,,,anonymous,EN,I agree,Yes,No,No,No,No,Yes,No,Yes,No,No,No,Yes,No,No,No,Yes,Yes,Yes,No,No,No,No,No,Yes,Yes,Yes,No,Yes,No,No,Yes,Yes,Yes,Yes,Yes,No,No,Yes,Yes,No,No,Yes,Yes,Yes,No,Yes,Yes,Yes,No,Yes,Yes,No,Yes,No,No,No,No,No,Yes,No,0,FL_32|FL_31|FL_30|FL_33|FL_28,allblock,notallblock,orblock,someblock,twoblock,Q2|Q3|Q4|Q5|Q11|Q1|Q8|Q12|Q9|Q10|Q7|Q6,Q2|Q6|Q3|Q9|Q5|Q7|Q8|Q1|Q11|Q12|Q10|Q4,Q6|Q2|Q12|Q5|Q3|Q1|Q4|Q11|Q7|Q8|Q9|Q10,Q11|Q10|Q12|Q9|Q3|Q5|Q1|Q6|Q7|Q2|Q4|Q8,Q3|Q5|Q1|Q10|Q9|Q6|Q2|Q8|Q11|Q7|Q4|Q12
2021-06-10 14:39:16,2021-06-10 15:10:37,IP Address,45.220.12.18,99,1880,False,2021-06-17 15:10:38,R_3RwoBrW5HJAZoVy,,,,,,,anonymous,EN,I agree,Yes,No,Yes,No,No,Yes,No,Yes,No,No,No,Yes,Yes,Yes,No,Yes,Yes,Yes,No,No,Yes,No,Yes,Yes,Yes,Yes,No,Yes,No,No,Yes,Yes,Yes,Yes,Yes,No,No,Yes,Yes,No,No,Yes,Yes,Yes,No,Yes,Yes,Yes,No,Yes,Yes,No,Yes,No,No,No,No,No,Yes,No,0,FL_33|FL_31|FL_30|FL_32|FL_28,allblock,notallblock,orblock,someblock,twoblock,Q3|Q2|Q9|Q12|Q10|Q11|Q8|Q6|Q5|Q7|Q4|Q1,Q2|Q10|Q11|Q5|Q1|Q8|Q12|Q4|Q9|Q3|Q6|Q7,Q1|Q7|Q10|Q9|Q12|Q3|Q4|Q6|Q8|Q11|Q5|Q2,Q5|Q9|Q3|Q1|Q6|Q8|Q7|Q11|Q12|Q10|Q2|Q4,Q4|Q6|Q9|Q3|Q7|Q2|Q11|Q12|Q8|Q1|Q10|Q5
2021-06-10 14:38:40,2021-06-10 15:11:01,IP Address,197.210.77.70,99,1940,False,2021-06-17 15:11:02,R_10DjycW9FsVfVHS,,,,,,,anonymous,EN,I agree,Yes,No,No,No,No,Yes,No,Yes,No,No,No,Yes,Yes,Yes,No,Yes,Yes,Yes,No,No,Yes,No,No,Yes,Yes,Yes,No,Yes,No,No,Yes,No,Yes,Yes,Yes,No,No,Yes,Yes,No,No,Yes,Yes,Yes,No,Yes,Yes,Yes,No,Yes,Yes,No,Yes,No,No,No,No,No,Yes,No,0,FL_31|FL_33|FL_32|FL_30|FL_28,allblock,notallblock,orblock,someblock,twoblock,Q6|Q2|Q4|Q12|Q8|Q11|Q7|Q1|Q10|Q5|Q9|Q3,Q11|Q2|Q10|Q8|Q3|Q5|Q9|Q12|Q7|Q6|Q4|Q1,Q11|Q5|Q9|Q2|Q6|Q8|Q7|Q10|Q3|Q4|Q1|Q12,Q1|Q11|Q4|Q10|Q9|Q8|Q3|Q5|Q2|Q6|Q12|Q7,Q12|Q10|Q9|Q4|Q5|Q3|Q8|Q1|Q6|Q7|Q11|Q2
2021-06-10 14:46:08,2021-06-10 15:12:36,IP Address,41.113.242.169,99,1588,False,2021-06-17 15:12:37,R_33v6FIW3dKNEvVB,,,,,,,anonymous,EN,I agree,Yes,No,No,No,No,Yes,No,Yes,No,No,No,Yes,Yes,Yes,No,Yes,Yes,Yes,No,No,Yes,No,Yes,Yes,Yes,Yes,No,Yes,No,No,Yes,Yes,Yes,Yes,Yes,No,No,Yes,Yes,No,No,Yes,Yes,Yes,No,Yes,Yes,Yes,No,Yes,Yes,Yes,Yes,Yes,No,Yes,No,No,Yes,No,0,FL_32|FL_30|FL_28|FL_31|FL_33,allblock,notallblock,orblock,someblock,twoblock,Q9|Q5|Q12|Q3|Q8|Q11|Q7|Q6|Q10|Q1|Q4|Q2,Q5|Q1|Q11|Q6|Q3|Q2|Q8|Q12|Q10|Q7|Q9|Q4,Q6|Q1|Q2|Q9|Q10|Q5|Q8|Q11|Q4|Q3|Q12|Q7,Q10|Q11|Q1|Q9|Q8|Q6|Q2|Q7|Q5|Q12|Q3|Q4,Q7|Q6|Q4|Q11|Q5|Q10|Q1|Q8|Q12|Q2|Q3|Q9
2021-06-10 14:55:44,2021-06-10 15:13:34,IP Address,86.11.208.135,99,1069,False,2021-06-17 15:13:39,R_3oZK0FQ3pRUrbgp,,,,,,,anonymous,EN,I agree,Yes,No,No,No,No,Yes,No,Yes,No,No,No,Yes,Yes,Yes,No,Yes,Yes,Yes,No,No,Yes,No,No,Yes,Yes,Yes,No,Yes,No,No,Yes,Yes,Yes,Yes,Yes,No,No,No,Yes,No,No,Yes,No,Yes,No,No,No,Yes,No,Yes,Yes,No,Yes,No,No,No,No,No,Yes,No,0,FL_33|FL_30|FL_31|FL_28|FL_32,allblock,notallblock,orblock,someblock,twoblock,Q4|Q8|Q6|Q3|Q2|Q7|Q12|Q9|Q11|Q10|Q5|Q1,Q11|Q3|Q9|Q6|Q8|Q1|Q7|Q10|Q5|Q4|Q2|Q12,Q8|Q6|Q5|Q3|Q10|Q4|Q2|Q12|Q1|Q11|Q9|Q7,Q10|Q2|Q7|Q1|Q9|Q11|Q3|Q8|Q12|Q6|Q4|Q5,Q7|Q8|Q9|Q2|Q12|Q5|Q1|Q10|Q3|Q6|Q11|Q4
2021-06-10 14:56:13,2021-06-10 15:15:41,IP Address,82.28.10.150,99,1167,False,2021-06-17 15:15:42,R_27Hk0AYF1Gnv195,,,,,,,anonymous,EN,I agree,Yes,No,No,No,No,Yes,No,Yes,No,No,No,Yes,No,Yes,No,Yes,Yes,No,No,No,No,No,No,Yes,No,Yes,No,No,No,No,Yes,No,Yes,Yes,No,No,No,No,Yes,No,No,Yes,No,Yes,No,No,No,Yes,No,Yes,Yes,No,Yes,No,No,No,No,No,Yes,No,0,FL_33|FL_32|FL_31|FL_28|FL_30,allblock,notallblock,orblock,someblock,twoblock,Q1|Q2|Q7|Q3|Q4|Q8|Q11|Q12|Q5|Q10|Q6|Q9,Q7|Q6|Q9|Q4|Q10|Q12|Q1|Q11|Q3|Q8|Q5|Q2,Q12|Q6|Q11|Q5|Q4|Q1|Q8|Q7|Q9|Q3|Q2|Q10,Q5|Q7|Q6|Q10|Q1|Q2|Q4|Q11|Q8|Q9|Q12|Q3,Q11|Q12|Q5|Q6|Q3|Q7|Q8|Q1|Q4|Q2|Q10|Q9
2021-06-10 14:51:06,2021-06-10 15:17:16,IP Address,41.13.250.77,99,1569,False,2021-06-17 15:17:17,R_3szeiGBEb0Ebbc1,,,,,,,anonymous,EN,I agree,Yes,No,No,No,No,Yes,No,Yes,No,No,No,Yes,Yes,Yes,No,Yes,Yes,Yes,No,No,Yes,No,Yes,Yes,Yes,Yes,No,Yes,No,No,Yes,Yes,Yes,Yes,Yes,No,No,Yes,Yes,No,No,Yes,Yes,Yes,No,Yes,Yes,Yes,No,Yes,Yes,No,Yes,No,No,No,No,No,Yes,No,0,FL_30|FL_32|FL_28|FL_33|FL_31,allblock,notallblock,orblock,someblock,twoblock,Q8|Q7|Q12|Q11|Q10|Q2|Q1|Q6|Q3|Q4|Q9|Q5,Q5|Q7|Q2|Q3|Q1|Q6|Q10|Q12|Q11|Q9|Q8|Q4,Q9|Q5|Q1|Q6|Q10|Q11|Q2|Q12|Q8|Q7|Q3|Q4,Q10|Q1|Q4|Q11|Q3|Q5|Q12|Q6|Q2|Q7|Q9|Q8,Q11|Q12|Q4|Q5|Q2|Q6|Q7|Q9|Q10|Q3|Q8|Q1
2021-06-10 14:55:51,2021-06-10 15:17:29,IP Address,47.158.152.253,99,1297,False,2021-06-17 15:17:31,R_2c2BjVYbhiXHqbQ,,,,,,,anonymous,EN,I agree,Yes,No,No,No,No,Yes,No,Yes,No,No,No,Yes,Yes,Yes,No,Yes,Yes,Yes,No,No,Yes,No,Yes,Yes,Yes,Yes,No,No,No,No,Yes,No,Yes,Yes,Yes,No,No,Yes,Yes,No,No,Yes,Yes,Yes,No,Yes,Yes,Yes,No,Yes,Yes,No,Yes,No,No,No,No,No,Yes,No,0,FL_28|FL_32|FL_33|FL_31|FL_30,allblock,notallblock,orblock,someblock,twoblock,Q4|Q3|Q5|Q9|Q7|Q1|Q6|Q10|Q2|Q11|Q12|Q8,Q2|Q11|Q6|Q12|Q3|Q7|Q4|Q1|Q10|Q8|Q9|Q5,Q8|Q2|Q9|Q7|Q1|Q4|Q10|Q3|Q5|Q6|Q12|Q11,Q11|Q5|Q12|Q9|Q10|Q3|Q1|Q6|Q7|Q4|Q8|Q2,Q6|Q5|Q12|Q2|Q11|Q10|Q9|Q8|Q3|Q1|Q7|Q4
2021-06-10 14:35:51,2021-06-10 15:17:33,IP Address,105.12.2.100,99,2502,False,2021-06-17 15:17:34,R_3R4PMiHlVkvQnKv,,,,,,,anonymous,EN,I agree,Yes,No,No,No,No,Yes,No,Yes,No,No,No,Yes,Yes,Yes,No,Yes,Yes,Yes,No,No,Yes,No,Yes,Yes,No,Yes,No,No,No,No,Yes,No,Yes,Yes,Yes,No,No,No,Yes,No,No,Yes,No,Yes,No,No,No,Yes,No,Yes,Yes,No,Yes,No,No,No,No,No,Yes,No,0,FL_30|FL_28|FL_32|FL_33|FL_31,allblock,notallblock,orblock,someblock,twoblock,Q6|Q8|Q11|Q3|Q7|Q10|Q5|Q1|Q9|Q4|Q12|Q2,Q2|Q6|Q4|Q1|Q9|Q5|Q3|Q11|Q10|Q12|Q7|Q8,Q9|Q1|Q8|Q12|Q5|Q11|Q7|Q10|Q3|Q2|Q4|Q6,Q12|Q9|Q4|Q8|Q10|Q6|Q2|Q5|Q1|Q3|Q7|Q11,Q4|Q6|Q2|Q9|Q11|Q7|Q8|Q5|Q1|Q12|Q3|Q10
2021-06-10 14:55:17,2021-06-10 15:20:03,IP Address,102.249.0.75,99,1485,False,2021-06-17 15:20:05,R_2xyFejPMiWHwTIT,,,,,,,anonymous,EN,I agree,Yes,No,No,No,No,Yes,No,Yes,No,No,No,Yes,Yes,Yes,No,Yes,Yes,Yes,No,No,Yes,No,Yes,Yes,Yes,Yes,No,Yes,No,No,Yes,Yes,Yes,Yes,Yes,Yes,No,No,Yes,No,No,Yes,No,Yes,No,No,No,Yes,No,Yes,Yes,No,Yes,No,No,No,No,No,Yes,No,0,FL_30|FL_31|FL_28|FL_32|FL_33,allblock,notallblock,orblock,someblock,twoblock,Q3|Q6|Q9|Q8|Q1|Q11|Q12|Q7|Q4|Q5|Q2|Q10,Q8|Q12|Q4|Q11|Q10|Q2|Q7|Q5|Q9|Q3|Q1|Q6,Q5|Q10|Q3|Q6|Q9|Q2|Q12|Q11|Q8|Q7|Q1|Q4,Q8|Q11|Q7|Q10|Q12|Q4|Q9|Q1|Q6|Q2|Q5|Q3,Q2|Q6|Q5|Q10|Q1|Q8|Q7|Q3|Q11|Q9|Q12|Q4
2021-06-10 14:55:55,2021-06-10 15:22:01,IP Address,105.225.93.130,99,1565,False,2021-06-17 15:22:01,R_1laxTDwP8vI27z7,,,,,,,anonymous,EN,I agree,Yes,No,No,No,No,Yes,No,Yes,No,No,No,Yes,No,Yes,No,Yes,Yes,No,No,No,No,No,No,Yes,Yes,Yes,No,Yes,No,No,Yes,Yes,Yes,Yes,Yes,No,No,Yes,Yes,No,No,Yes,Yes,Yes,No,Yes,Yes,Yes,No,Yes,Yes,No,Yes,No,No,No,No,No,Yes,No,0,FL_32|FL_28|FL_33|FL_31|FL_30,allblock,notallblock,orblock,someblock,twoblock,Q1|Q4|Q9|Q6|Q7|Q12|Q5|Q10|Q8|Q2|Q3|Q11,Q11|Q6|Q1|Q2|Q12|Q5|Q10|Q3|Q8|Q7|Q9|Q4,Q11|Q6|Q8|Q7|Q3|Q5|Q12|Q1|Q2|Q10|Q4|Q9,Q8|Q11|Q6|Q1|Q4|Q2|Q3|Q7|Q10|Q5|Q9|Q12,Q11|Q6|Q9|Q5|Q10|Q7|Q3|Q12|Q4|Q8|Q2|Q1
2021-06-10 15:01:56,2021-06-10 15:22:55,IP Address,78.19.222.63,99,1258,False,2021-06-17 15:22:55,R_2XgpagYOsxvh56J,,,,,,,anonymous,EN,I agree,Yes,No,No,No,No,Yes,No,Yes,No,No,No,Yes,No,Yes,No,Yes,Yes,Yes,No,No,Yes,No,Yes,Yes,No,Yes,No,Yes,No,No,Yes,No,Yes,Yes,Yes,No,No,No,Yes,No,No,Yes,No,Yes,No,No,No,Yes,No,Yes,Yes,No,Yes,No,No,No,No,No,Yes,No,0,FL_28|FL_31|FL_32|FL_33|FL_30,allblock,notallblock,orblock,someblock,twoblock,Q5|Q8|Q1|Q10|Q2|Q9|Q12|Q3|Q11|Q7|Q6|Q4,Q8|Q4|Q1|Q6|Q2|Q7|Q3|Q12|Q9|Q5|Q11|Q10,Q10|Q7|Q12|Q5|Q11|Q2|Q4|Q3|Q9|Q1|Q8|Q6,Q12|Q10|Q2|Q4|Q3|Q9|Q6|Q11|Q5|Q1|Q8|Q7,Q7|Q3|Q10|Q9|Q6|Q5|Q4|Q8|Q1|Q11|Q2|Q12
2021-06-10 15:04:11,2021-06-10 15:28:44,IP Address,165.73.96.59,99,1473,False,2021-06-17 15:28:47,R_1IK4BbJeh6MAO4M,,,,,,,anonymous,EN,I agree,Yes,No,No,No,No,Yes,No,Yes,No,No,No,Yes,Yes,Yes,No,Yes,Yes,Yes,No,No,Yes,No,Yes,Yes,No,Yes,No,No,No,No,Yes,No,Yes,Yes,No,No,No,Yes,Yes,No,No,Yes,Yes,Yes,No,Yes,Yes,Yes,No,Yes,Yes,No,Yes,No,No,No,No,No,Yes,No,0,FL_32|FL_30|FL_33|FL_28|FL_31,allblock,notallblock,orblock,someblock,twoblock,Q8|Q4|Q11|Q6|Q1|Q12|Q3|Q5|Q10|Q9|Q7|Q2,Q9|Q12|Q5|Q8|Q2|Q3|Q6|Q4|Q10|Q7|Q1|Q11,Q11|Q9|Q3|Q5|Q10|Q1|Q2|Q7|Q12|Q4|Q8|Q6,Q9|Q12|Q5|Q11|Q8|Q1|Q2|Q3|Q10|Q7|Q6|Q4,Q11|Q7|Q12|Q6|Q10|Q3|Q8|Q4|Q2|Q5|Q1|Q9
2021-06-10 14:55:15,2021-06-10 15:32:08,IP Address,105.242.55.159,99,2212,False,2021-06-17 15:32:08,R_pJZp0jwXEGX1Lwd,,,,,,,anonymous,EN,I agree,Yes,No,No,No,No,Yes,No,Yes,No,No,No,Yes,No,Yes,No,Yes,Yes,No,No,No,No,No,No,Yes,Yes,Yes,No,Yes,No,No,Yes,Yes,Yes,Yes,Yes,No,No,Yes,Yes,No,No,Yes,Yes,Yes,No,Yes,Yes,Yes,No,Yes,Yes,No,Yes,No,No,No,No,No,Yes,No,0,FL_32|FL_30|FL_33|FL_28|FL_31,allblock,notallblock,orblock,someblock,twoblock,Q1|Q9|Q12|Q7|Q4|Q5|Q6|Q2|Q10|Q11|Q8|Q3,Q7|Q5|Q8|Q9|Q2|Q6|Q1|Q10|Q12|Q11|Q3|Q4,Q2|Q12|Q11|Q1|Q10|Q8|Q6|Q9|Q7|Q5|Q4|Q3,Q4|Q1|Q12|Q11|Q9|Q2|Q7|Q3|Q8|Q10|Q5|Q6,Q9|Q2|Q1|Q12|Q8|Q10|Q7|Q4|Q6|Q3|Q5|Q11
2021-06-10 15:00:08,2021-06-10 15:43:54,IP Address,155.186.151.228,99,2625,False,2021-06-17 15:43:54,R_2aQ5E4gTQcGiTaO,,,,,,,anonymous,EN,I agree,Yes,No,No,No,No,Yes,No,Yes,No,No,No,Yes,Yes,No,No,No,Yes,Yes,No,No,Yes,No,Yes,No,Yes,Yes,No,Yes,No,No,Yes,Yes,Yes,Yes,Yes,Yes,No,Yes,Yes,No,No,Yes,Yes,Yes,No,Yes,Yes,Yes,No,Yes,Yes,No,Yes,No,No,No,No,No,Yes,No,0,FL_32|FL_28|FL_30|FL_31|FL_33,allblock,notallblock,orblock,someblock,twoblock,Q10|Q11|Q3|Q6|Q8|Q5|Q12|Q1|Q2|Q7|Q4|Q9,Q12|Q11|Q2|Q8|Q9|Q7|Q4|Q1|Q3|Q10|Q6|Q5,Q4|Q8|Q11|Q12|Q10|Q7|Q9|Q5|Q6|Q2|Q3|Q1,Q7|Q12|Q2|Q8|Q5|Q11|Q9|Q4|Q3|Q10|Q1|Q6,Q7|Q9|Q10|Q5|Q2|Q6|Q8|Q12|Q1|Q4|Q11|Q3
2021-06-10 15:46:38,2021-06-10 15:47:25,IP Address,197.185.100.44,5,46,False,2021-06-17 15:47:26,R_3LbE9pCbnbT7YYa,,,,,,,anonymous,EN,I agree,,,,,,,,,,,,,,,,,,,,,,,,,,,,,,,,,,,,,,,,,,,,,,,,,,,,,,,,,,,,,1,FL_30|FL_32|FL_28|FL_31|FL_33,,notallblock,,,,,Q9|Q10|Q2|Q11|Q7|Q8|Q4|Q12|Q6|Q5|Q1|Q3,,,
2021-06-10 14:46:11,2021-06-10 15:52:37,IP Address,197.185.100.165,99,3985,False,2021-06-17 15:52:37,R_2yqiJiL95ZPonJa,,,,,,,anonymous,EN,I agree,Yes,No,No,No,No,Yes,No,Yes,No,No,No,Yes,No,Yes,No,Yes,Yes,No,No,No,No,No,No,Yes,Yes,Yes,No,Yes,No,No,Yes,Yes,Yes,Yes,Yes,No,No,No,Yes,No,No,Yes,No,Yes,No,No,No,Yes,No,Yes,Yes,No,Yes,No,No,No,No,No,Yes,No,0,FL_28|FL_31|FL_30|FL_32|FL_33,allblock,notallblock,orblock,someblock,twoblock,Q12|Q4|Q5|Q11|Q6|Q7|Q8|Q2|Q9|Q1|Q3|Q10,Q3|Q7|Q6|Q2|Q1|Q8|Q5|Q12|Q10|Q4|Q11|Q9,Q4|Q6|Q1|Q10|Q9|Q12|Q11|Q7|Q8|Q2|Q3|Q5,Q1|Q7|Q8|Q11|Q10|Q9|Q6|Q3|Q12|Q5|Q4|Q2,Q11|Q1|Q2|Q9|Q12|Q3|Q8|Q5|Q6|Q10|Q4|Q7
2021-06-10 15:03:40,2021-06-10 15:53:26,IP Address,102.250.7.102,99,2986,False,2021-06-17 15:53:26,R_1DSCbMuAtm4sCAf,,,,,,,anonymous,EN,I agree,Yes,No,No,No,No,Yes,No,Yes,No,No,No,Yes,No,Yes,No,Yes,Yes,Yes,No,No,No,No,No,Yes,Yes,Yes,No,No,No,No,Yes,Yes,Yes,Yes,Yes,No,No,No,Yes,No,No,Yes,No,Yes,No,No,No,Yes,No,Yes,Yes,No,Yes,No,No,No,No,No,Yes,No,0,FL_28|FL_30|FL_33|FL_32|FL_31,allblock,notallblock,orblock,someblock,twoblock,Q9|Q10|Q4|Q12|Q3|Q2|Q1|Q8|Q6|Q11|Q7|Q5,Q8|Q6|Q4|Q7|Q1|Q11|Q2|Q10|Q9|Q3|Q5|Q12,Q11|Q3|Q4|Q9|Q6|Q10|Q1|Q2|Q8|Q5|Q12|Q7,Q8|Q5|Q12|Q9|Q6|Q11|Q1|Q7|Q3|Q4|Q2|Q10,Q7|Q12|Q11|Q10|Q9|Q3|Q2|Q8|Q4|Q1|Q6|Q5
2021-06-10 16:34:37,2021-06-10 17:14:10,IP Address,41.13.64.203,99,2373,False,2021-06-17 17:14:12,R_2TyKojm0acoOAEw,,,,,,,anonymous,EN,I agree,Yes,No,No,No,No,Yes,No,Yes,No,No,No,Yes,Yes,Yes,No,Yes,Yes,Yes,No,No,Yes,No,Yes,Yes,Yes,Yes,No,Yes,No,No,Yes,Yes,Yes,Yes,Yes,No,No,Yes,Yes,No,No,Yes,Yes,Yes,No,Yes,Yes,Yes,No,Yes,Yes,No,Yes,No,No,No,No,No,Yes,No,0,FL_28|FL_32|FL_31|FL_33|FL_30,allblock,notallblock,orblock,someblock,twoblock,Q2|Q10|Q3|Q5|Q7|Q8|Q12|Q9|Q11|Q1|Q6|Q4,Q1|Q12|Q9|Q7|Q10|Q11|Q3|Q2|Q8|Q6|Q5|Q4,Q5|Q9|Q6|Q7|Q4|Q12|Q3|Q2|Q11|Q1|Q8|Q10,Q9|Q7|Q4|Q5|Q11|Q8|Q6|Q10|Q12|Q2|Q1|Q3,Q4|Q12|Q11|Q9|Q3|Q7|Q6|Q8|Q5|Q1|Q2|Q10
